{"scope.version":"2","timeline.animationMode":"quickMode","viewport.width":700,"viewport.height":370,"library.openDirectories":[],"library.GroupsPath":{},"library.downloadedAssets":{},"design.zoom":0.5,"publish.local.location":"C:/Users/michael/Desktop/wizard_splash/export/","publish.local.name":"Wizard_V2","publish.local.flatten":true,"publish.local.minify":true,"publish.local.inlineFiles":true,"publish.local.createZip":false,"publish.local.politeLoad":true,"publish.local.exportMozilla":true,"publish.local.exportWebkit":true,"publish.local.unpackGroups":true,"publish.local.borderColor":"rgba(0,0,0,1)","publish.local.addBorder":false,"":false}